tag	orig_bytes	best_lab_codec	best_lab_bytes	xz6_bytes	saved_vs_xz6	enc_s
codeproc__data_processing__MWExperimentData.py	21776	coaster-smallest	5455	5424	-31	0.691
codeproc__data_processing__example.ipynb	18680	coaster-smallest	13321	13220	-101	0.443
codeproc__data_processing__example_data_125iMQC_L1_C0_111824.mat	4361720	coaster-smallest	1550288	1546884	-3404	165.059
codeproc__data_processing__savedata.py	8548	coaster-smallest	2744	2756	12	0.385
fig5__fig_5_processing__Fig_5_plotting.ipynb	43983	coaster-smallest	24794	24680	-114	0.536
fig5__fig_5_processing__fid_cases_per_EHE_1ns.txt	268543	pccx	96257	98032	1775	1.668
fig5__fig_5_processing__parallel_ent_paper.mplstyle	557	coaster-smallest	230	280	50	0.364
fig5__fig_5_processing__speed_cases_per_EHE_1ns.txt	268304	pccx	96015	97692	1677	1.697
raw__raw__Fig_1__114nXY8_time_sweep_12_110424.mat	15293950	coaster-smallest	10129695	10156360	26665	581.441
raw__raw__Fig_1__114xXY8_time_sweep_12_110424.mat	20590698	coaster-smallest	15055202	15200572	145370	1054.257
raw__raw__Fig_1__115sXY8_time_sweep_12_110424.mat	21954296	coaster-smallest	15914900	16115112	200212	740.796
raw__raw__Fig_1__127nXY8_time_sweep_6_120224.mat	42481550	coaster-smallest	20541210	22871000	2329790	1740.818
raw__raw__Fig_2__125gMQC_L1_C2_111824.mat	4370755	coaster-smallest	1554126	1551936	-2190	48.324
raw__raw__Fig_2__125iMQC_L1_C0_111824.mat	4361720	coaster-smallest	1550288	1546884	-3404	84.305
raw__raw__Fig_2__125kMQC_L1_C1_111824.mat	4365991	coaster-smallest	1576212	1573924	-2288	42.818
raw__raw__Fig_3__160eMQC_L3_para_060225.mat	2094861	coaster-smallest	1837873	1912572	74699	16.519
raw__raw__Fig_3__160uMQC_L2_seq_060325.mat	3731889	coaster-smallest	3221416	3364188	142772	67.823
raw__raw__Fig_3__160wMQC_L3_seq_060325.mat	2032038	coaster-smallest	1809605	1866636	57031	31.325
raw__raw__Fig_3__200kMQC_L2_para_121125.mat	77148665	coaster-smallest	28774788	30831164	2056376	2116.597
raw__raw__Fig_4__161iEnt_gate_fid_C1_e_tomo_060425.mat	1507627	coaster-smallest	1220439	1278256	57817	12.024
raw__raw__Fig_4__161jEnt_gate_fid_C1_nuc_tomo_060425.mat	1341298	coaster-smallest	1186957	1231236	44279	13.327
raw__raw__Fig_4__161nEnt_gate_fid_C2_e_tomo_060525.mat	1541476	coaster-smallest	1232151	1299432	67281	20.945
raw__raw__Fig_4__161oEnt_gate_fid_C2_nuc_tomo_060525.mat	1502480	coaster-smallest	1232763	1284200	51437	32.145
raw__raw__Fig_4__161qEnt_gate_fid_C0_e_tomo_060525.mat	1394968	pcc	1187720	1218600	30880	5.900
raw__raw__Fig_4__161rEnt_gate_fid_C0_nuc_tomo_060525.mat	1217292	coaster-smallest	1109770	1128524	18754	13.096
raw__raw__Fig_4__161uEnt_gate_fid_L3para_e_tomo_060625.mat	287189	coaster-smallest	247682	250292	2610	2.036
raw__raw__Fig_4__161vEnt_gate_fid_L3para_C0_tomo_060625.mat	270672	coaster-smallest	237763	238836	1073	2.883
raw__raw__Fig_4__161wEnt_gate_fid_L3para_C1_tomo_060625.mat	270281	coaster-smallest	237052	238136	1084	1.799
raw__raw__Fig_4__161xEnt_gate_fid_L3para_C2_tomo_060625.mat	264286	coaster-smallest	231984	232756	772	2.480
raw__raw__Fig_4__163fEnt_gate_fid_L3seq_e_tomo_070725.mat	289113	coaster-smallest	267632	271468	3836	1.859
raw__raw__Fig_4__163gEnt_gate_fid_L3seq_C0_tomo_070725.mat	268321	coaster-smallest	248242	251180	2938	1.955
raw__raw__Fig_4__163hEnt_gate_fid_L3seq_C1_tomo_070725.mat	270516	coaster-smallest	249533	252808	3275	2.451
raw__raw__Fig_4__163iEnt_gate_fid_L3seq_C2_tomo_070725.mat	264964	coaster-smallest	245130	248004	2874	3.348
raw__raw__Fig_4__201kEnt_gate_fid_L2_seq_e_tomo_121925.mat	3270532	coaster-smallest	1175291	1310804	135513	111.527
raw__raw__Fig_4__201lEnt_gate_fid_L2_seq_C0_tomo_121925.mat	3248758	coaster-smallest	1158473	1298948	140475	105.518
raw__raw__Fig_4__201mEnt_gate_fid_L2_seq_C1_tomo_121925.mat	3237375	coaster-smallest	1146344	1299020	152676	74.363
raw__raw__Fig_4__201tEnt_gate_fid_L2_seq_e_tomo_121925.mat	3244635	coaster-smallest	1141458	1280984	139526	66.115
raw__raw__Fig_4__201uEnt_gate_fid_L2_seq_C1_tomo_121925.mat	3226682	coaster-smallest	1128011	1267128	139117	111.406
raw__raw__Fig_4__201vEnt_gate_fid_L2_seq_C2_tomo_121925.mat	3226343	coaster-smallest	1117422	1260248	142826	64.950
raw__raw__Fig_4__202dEnt_gate_fid_L2_para_e_tomo_010326.mat	3203787	coaster-smallest	1170529	1301768	131239	61.531
raw__raw__Fig_4__202eEnt_gate_fid_L2_para_C0_tomo_010326.mat	3191581	coaster-smallest	1095300	1239152	143852	44.806
raw__raw__Fig_4__202fEnt_gate_fid_L2_para_C1_tomo_010326.mat	3191809	coaster-smallest	1110609	1262048	151439	42.675
raw__raw__Fig_4__202iEnt_gate_fid_L2_para_e_tomo_010326.mat	3200027	coaster-smallest	1085226	1237156	151930	49.898
raw__raw__Fig_4__202jEnt_gate_fid_L2_para_C0_tomo_010326.mat	3189559	coaster-smallest	1102127	1243020	140893	45.551
raw__raw__Fig_4__202kEnt_gate_fid_L2_para_C2_tomo_010326.mat	3191467	coaster-smallest	1080212	1227996	147784	49.040
raw__raw__Fig_4__202sEnt_gate_fid_L2_para_e_tomo_010526.mat	3208403	coaster-smallest	1087843	1225716	137873	66.065
raw__raw__Fig_4__202tEnt_gate_fid_L2_para_C1_tomo_010526.mat	3195132	coaster-smallest	1107294	1248060	140766	69.765
raw__raw__Fig_4__202uEnt_gate_fid_L2_para_C2_tomo_010526.mat	3194295	coaster-smallest	1092176	1228356	136180	41.566
raw__raw__Fig_4__203cEnt_gate_fid_L2_seq_e_tomo_010526.mat	3204974	coaster-smallest	1102412	1244292	141880	105.024
raw__raw__Fig_4__203dEnt_gate_fid_L2_seq_C0_tomo_010526.mat	3191899	coaster-smallest	1107953	1254320	146367	39.191
raw__raw__Fig_4__203eEnt_gate_fid_L2_seq_C2_tomo_010526.mat	3192931	coaster-smallest	1097400	1241680	144280	44.500
raw__raw__Fig_5__fid_cases_per_EHE_1ns.txt	268543	pccx	96257	98032	1775	1.758
raw__raw__Fig_5__speed_cases_per_EHE_1ns.txt	268304	pccx	96015	97692	1677	1.679
source__source__Fig_1__Fig_1_b__DD_spectra_k1.csv	3532	pccx	1520	1432	-88	0.059
source__source__Fig_1__Fig_1_b__DD_spectra_k2.csv	5104	pccx	2154	2060	-94	0.060
source__source__Fig_1__Fig_1_c__n01_k1.csv	76211	coaster-smallest	27073	25732	-1341	0.833
source__source__Fig_1__Fig_1_c__n01_k2.csv	75429	coaster-smallest	26034	24568	-1466	0.849
source__source__Fig_1__Fig_1_d__EP_heatmap_k1.csv	289364	coaster-smallest	75515	71260	-4255	2.974
source__source__Fig_1__Fig_1_d__EP_heatmap_k2.csv	272844	coaster-smallest	68195	62872	-5323	3.353
source__source__Fig_2__Fig_2_d__MQC_L1_q1.csv	1455	coaster-smallest	778	764	-14	0.398
source__source__Fig_2__Fig_2_d__MQC_L1_q2.csv	1448	coaster-smallest	814	788	-26	0.394
source__source__Fig_2__Fig_2_d__MQC_L1_q3.csv	1451	coaster-smallest	801	792	-9	0.397
source__source__Fig_3__Fig_3_c__MQC_L2_para.csv	1469	coaster-smallest	753	744	-9	0.395
source__source__Fig_3__Fig_3_d__MQC_L2_seq.csv	1456	coaster-smallest	773	768	-5	0.399
source__source__Fig_3__Fig_3_e__MQC_L3_para.csv	764	coaster-smallest	460	476	16	0.377
source__source__Fig_3__Fig_3_f__MQC_L3_seq.csv	763	coaster-smallest	447	468	21	0.385
source__source__Fig_4__Fig_4_c__bipartite_state_fidelity_q1.csv	383	coaster-smallest	240	292	52	0.382
source__source__Fig_4__Fig_4_c__bipartite_state_fidelity_q2.csv	382	coaster-smallest	246	292	46	0.388
source__source__Fig_4__Fig_4_c__bipartite_state_fidelity_q3.csv	385	coaster-smallest	248	296	48	0.373
source__source__Fig_4__Fig_4_d__ent_gate_fid_L2_para.csv	321	coaster-smallest	216	264	48	0.374
source__source__Fig_4__Fig_4_d__ent_gate_fid_L2_seq.csv	318	coaster-smallest	218	264	46	0.379
source__source__Fig_4__Fig_4_e__ent_gate_fid_L3_para.csv	323	coaster-smallest	219	264	45	0.383
source__source__Fig_4__Fig_4_e__ent_gate_fid_L3_seq.csv	322	coaster-smallest	209	260	51	0.376
source__source__Fig_4__Fig_4_f__bar_gate_fidelities.csv	608	coaster-smallest	363	400	37	0.380
source__source__Fig_4__Fig_4_g__bar_gate_times.csv	253	coaster-smallest	166	220	54	0.382
source__source__Fig_5__readme.txt	243	coaster-smallest	187	244	57	0.374
