tag	method	orig	comp	ratio	enc_s	dec_s	sha	note
codeproc__data_processing__MWExperimentData.py	pccx	21776	6501	0.298540	0.272	0.004	OK	
codeproc__data_processing__MWExperimentData.py	tnssrc	21776	5507	0.252893	0.080	0.008	OK	
codeproc__data_processing__MWExperimentData.py	coaster-smallest	21776	5455	0.250505	0.691	0.010	OK	
codeproc__data_processing__MWExperimentData.py	coaster-fastpass	21776	5455	0.250505	0.199	0.005	OK	
codeproc__data_processing__example.ipynb	pccx	18680	14804	0.792505	0.190	0.010	OK	
codeproc__data_processing__example.ipynb	tnssrc	18680	13373	0.715899	0.064	0.005	OK	
codeproc__data_processing__example.ipynb	coaster-smallest	18680	13321	0.713116	0.443	0.020	OK	
codeproc__data_processing__example.ipynb	coaster-fastpass	18680	13321	0.713116	0.166	0.008	OK	
codeproc__data_processing__savedata.py	pccx	8548	3670	0.429340	0.075	0.004	OK	
codeproc__data_processing__savedata.py	tnssrc	8548	2795	0.326977	0.054	0.004	OK	
codeproc__data_processing__savedata.py	coaster-smallest	8548	2744	0.321011	0.385	0.004	OK	
codeproc__data_processing__savedata.py	coaster-fastpass	8548	2744	0.321011	0.132	0.004	OK	
fig5__fig_5_processing__Fig_5_plotting.ipynb	pccx	43983	27250	0.619558	0.465	0.007	OK	
fig5__fig_5_processing__Fig_5_plotting.ipynb	tnssrc	43983	24847	0.564923	0.113	0.008	OK	
fig5__fig_5_processing__Fig_5_plotting.ipynb	coaster-smallest	43983	24794	0.563718	0.536	0.022	OK	
fig5__fig_5_processing__Fig_5_plotting.ipynb	coaster-fastpass	43983	24794	0.563718	0.354	0.008	OK	
fig5__fig_5_processing__fid_cases_per_EHE_1ns.txt	pccx	268543	96257	0.358442	1.668	0.032	OK	
fig5__fig_5_processing__fid_cases_per_EHE_1ns.txt	tnssrc	268543	96965	0.361078	1.378	0.066	OK	
fig5__fig_5_processing__fid_cases_per_EHE_1ns.txt	coaster-smallest	268543	96912	0.360881	2.312	0.048	OK	
fig5__fig_5_processing__fid_cases_per_EHE_1ns.txt	coaster-fastpass	268543	96912	0.360881	2.037	0.130	OK	
fig5__fig_5_processing__parallel_ent_paper.mplstyle	pccx	557			0.038	0.000		encode rc=101: encode; note: run with `RUST_BACKTRACE=1` environment variable to display a backtrace
fig5__fig_5_processing__parallel_ent_paper.mplstyle	tnssrc	557	281	0.504488	0.058	0.007	OK	
fig5__fig_5_processing__parallel_ent_paper.mplstyle	coaster-smallest	557	230	0.412926	0.364	0.004	OK	
fig5__fig_5_processing__parallel_ent_paper.mplstyle	coaster-fastpass	557	230	0.412926	0.113	0.004	OK	
fig5__fig_5_processing__speed_cases_per_EHE_1ns.txt	pccx	268304	96015	0.357859	1.697	0.029	OK	
fig5__fig_5_processing__speed_cases_per_EHE_1ns.txt	tnssrc	268304	96726	0.360509	2.274	0.063	OK	
fig5__fig_5_processing__speed_cases_per_EHE_1ns.txt	coaster-smallest	268304	96673	0.360311	2.669	0.064	OK	
fig5__fig_5_processing__speed_cases_per_EHE_1ns.txt	coaster-fastpass	268304	96673	0.360311	2.521	0.046	OK	
raw__raw__Fig_5__fid_cases_per_EHE_1ns.txt	pccx	268543	96257	0.358442	1.758	0.052	OK	
raw__raw__Fig_5__fid_cases_per_EHE_1ns.txt	tnssrc	268543	96965	0.361078	1.590	0.042	OK	
raw__raw__Fig_5__fid_cases_per_EHE_1ns.txt	coaster-smallest	268543	96912	0.360881	2.469	0.063	OK	
raw__raw__Fig_5__fid_cases_per_EHE_1ns.txt	coaster-fastpass	268543	96912	0.360881	1.930	0.048	OK	
raw__raw__Fig_5__speed_cases_per_EHE_1ns.txt	pccx	268304	96015	0.357859	1.679	0.030	OK	
raw__raw__Fig_5__speed_cases_per_EHE_1ns.txt	tnssrc	268304	96726	0.360509	2.300	0.145	OK	
raw__raw__Fig_5__speed_cases_per_EHE_1ns.txt	coaster-smallest	268304	96673	0.360311	2.533	0.061	OK	
raw__raw__Fig_5__speed_cases_per_EHE_1ns.txt	coaster-fastpass	268304	96673	0.360311	2.873	0.043	OK	
source__source__Fig_1__Fig_1_b__DD_spectra_k1.csv	pccx	3532	1520	0.430351	0.059	0.005	OK	
source__source__Fig_1__Fig_1_b__DD_spectra_k1.csv	tnssrc	3532	1570	0.444507	0.025	0.017	OK	
source__source__Fig_1__Fig_1_b__DD_spectra_k1.csv	coaster-smallest	3532	1524	0.431484	0.418	0.008	OK	
source__source__Fig_1__Fig_1_b__DD_spectra_k1.csv	coaster-fastpass	3532	1524	0.431484	0.122	0.004	OK	
source__source__Fig_1__Fig_1_b__DD_spectra_k2.csv	pccx	5104	2154	0.422022	0.060	0.007	OK	
source__source__Fig_1__Fig_1_b__DD_spectra_k2.csv	tnssrc	5104	2254	0.441614	0.041	0.004	OK	
source__source__Fig_1__Fig_1_b__DD_spectra_k2.csv	coaster-smallest	5104	2208	0.432602	0.375	0.004	OK	
source__source__Fig_1__Fig_1_b__DD_spectra_k2.csv	coaster-fastpass	5104	2208	0.432602	0.122	0.004	OK	
source__source__Fig_1__Fig_1_c__n01_k1.csv	pccx	76211	29707	0.389799	1.163	0.038	OK	
source__source__Fig_1__Fig_1_c__n01_k1.csv	tnssrc	76211	27126	0.355933	0.240	0.045	OK	
source__source__Fig_1__Fig_1_c__n01_k1.csv	coaster-smallest	76211	27073	0.355237	0.833	0.009	OK	
source__source__Fig_1__Fig_1_c__n01_k1.csv	coaster-fastpass	76211	27073	0.355237	0.509	0.009	OK	
source__source__Fig_1__Fig_1_c__n01_k2.csv	pccx	75429	29196	0.387066	1.078	0.055	OK	
source__source__Fig_1__Fig_1_c__n01_k2.csv	tnssrc	75429	26087	0.345848	0.231	0.012	OK	
source__source__Fig_1__Fig_1_c__n01_k2.csv	coaster-smallest	75429	26034	0.345146	0.849	0.024	OK	
source__source__Fig_1__Fig_1_c__n01_k2.csv	coaster-fastpass	75429	26034	0.345146	0.489	0.009	OK	
source__source__Fig_1__Fig_1_d__EP_heatmap_k1.csv	pccx	289364	82340	0.284555	1.911	0.056	OK	
source__source__Fig_1__Fig_1_d__EP_heatmap_k1.csv	tnssrc	289364	75568	0.261152	2.630	0.019	OK	
source__source__Fig_1__Fig_1_d__EP_heatmap_k1.csv	coaster-smallest	289364	75515	0.260969	2.974	0.017	OK	
source__source__Fig_1__Fig_1_d__EP_heatmap_k1.csv	coaster-fastpass	289364	75515	0.260969	2.712	0.019	OK	
source__source__Fig_1__Fig_1_d__EP_heatmap_k2.csv	pccx	272844	76298	0.279640	1.771	0.051	OK	
source__source__Fig_1__Fig_1_d__EP_heatmap_k2.csv	tnssrc	272844	68248	0.250136	2.377	0.041	OK	
source__source__Fig_1__Fig_1_d__EP_heatmap_k2.csv	coaster-smallest	272844	68195	0.249941	3.353	0.019	OK	
source__source__Fig_1__Fig_1_d__EP_heatmap_k2.csv	coaster-fastpass	272844	68195	0.249941	2.413	0.016	OK	
source__source__Fig_2__Fig_2_d__MQC_L1_q1.csv	pccx	1455	973	0.668729	0.019	0.003	OK	
source__source__Fig_2__Fig_2_d__MQC_L1_q1.csv	tnssrc	1455	829	0.569759	0.020	0.003	OK	
source__source__Fig_2__Fig_2_d__MQC_L1_q1.csv	coaster-smallest	1455	778	0.534708	0.398	0.007	OK	
source__source__Fig_2__Fig_2_d__MQC_L1_q1.csv	coaster-fastpass	1455	778	0.534708	0.136	0.004	OK	
source__source__Fig_2__Fig_2_d__MQC_L1_q2.csv	pccx	1448	956	0.660221	0.019	0.003	OK	
source__source__Fig_2__Fig_2_d__MQC_L1_q2.csv	tnssrc	1448	850	0.587017	0.020	0.016	OK	
source__source__Fig_2__Fig_2_d__MQC_L1_q2.csv	coaster-smallest	1448	814	0.562155	0.394	0.004	OK	
source__source__Fig_2__Fig_2_d__MQC_L1_q2.csv	coaster-fastpass	1448	814	0.562155	0.130	0.004	OK	
source__source__Fig_2__Fig_2_d__MQC_L1_q3.csv	pccx	1451	987	0.680221	0.019	0.003	OK	
source__source__Fig_2__Fig_2_d__MQC_L1_q3.csv	tnssrc	1451	844	0.581668	0.020	0.016	OK	
source__source__Fig_2__Fig_2_d__MQC_L1_q3.csv	coaster-smallest	1451	801	0.552033	0.397	0.005	OK	
source__source__Fig_2__Fig_2_d__MQC_L1_q3.csv	coaster-fastpass	1451	801	0.552033	0.127	0.005	OK	
source__source__Fig_3__Fig_3_c__MQC_L2_para.csv	pccx	1469	957	0.651464	0.030	0.009	OK	
source__source__Fig_3__Fig_3_c__MQC_L2_para.csv	tnssrc	1469	804	0.547311	0.020	0.003	OK	
source__source__Fig_3__Fig_3_c__MQC_L2_para.csv	coaster-smallest	1469	753	0.512594	0.395	0.004	OK	
source__source__Fig_3__Fig_3_c__MQC_L2_para.csv	coaster-fastpass	1469	753	0.512594	0.137	0.004	OK	
source__source__Fig_3__Fig_3_d__MQC_L2_seq.csv	pccx	1456	963	0.661401	0.022	0.003	OK	
source__source__Fig_3__Fig_3_d__MQC_L2_seq.csv	tnssrc	1456	824	0.565934	0.022	0.004	OK	
source__source__Fig_3__Fig_3_d__MQC_L2_seq.csv	coaster-smallest	1456	773	0.530907	0.399	0.006	OK	
source__source__Fig_3__Fig_3_d__MQC_L2_seq.csv	coaster-fastpass	1456	773	0.530907	0.130	0.004	OK	
source__source__Fig_3__Fig_3_e__MQC_L3_para.csv	pccx	764	648	0.848168	0.014	0.003	OK	
source__source__Fig_3__Fig_3_e__MQC_L3_para.csv	tnssrc	764	511	0.668848	0.018	0.002	OK	
source__source__Fig_3__Fig_3_e__MQC_L3_para.csv	coaster-smallest	764	460	0.602094	0.377	0.004	OK	
source__source__Fig_3__Fig_3_e__MQC_L3_para.csv	coaster-fastpass	764	460	0.602094	0.126	0.004	OK	
source__source__Fig_3__Fig_3_f__MQC_L3_seq.csv	pccx	763	666	0.872870	0.015	0.003	OK	
source__source__Fig_3__Fig_3_f__MQC_L3_seq.csv	tnssrc	763	498	0.652687	0.019	0.003	OK	
source__source__Fig_3__Fig_3_f__MQC_L3_seq.csv	coaster-smallest	763	447	0.585845	0.385	0.004	OK	
source__source__Fig_3__Fig_3_f__MQC_L3_seq.csv	coaster-fastpass	763	447	0.585845	0.127	0.004	OK	
source__source__Fig_4__Fig_4_c__bipartite_state_fidelity_q1.csv	pccx	383			0.011	0.000		encode rc=101: encode; note: run with `RUST_BACKTRACE=1` environment variable to display a backtrace
source__source__Fig_4__Fig_4_c__bipartite_state_fidelity_q1.csv	tnssrc	383	291	0.759791	0.030	0.003	OK	
source__source__Fig_4__Fig_4_c__bipartite_state_fidelity_q1.csv	coaster-smallest	383	240	0.626632	0.382	0.004	OK	
source__source__Fig_4__Fig_4_c__bipartite_state_fidelity_q1.csv	coaster-fastpass	383	240	0.626632	0.123	0.004	OK	
source__source__Fig_4__Fig_4_c__bipartite_state_fidelity_q2.csv	pccx	382			0.011	0.000		encode rc=101: encode; note: run with `RUST_BACKTRACE=1` environment variable to display a backtrace
source__source__Fig_4__Fig_4_c__bipartite_state_fidelity_q2.csv	tnssrc	382	297	0.777487	0.018	0.003	OK	
source__source__Fig_4__Fig_4_c__bipartite_state_fidelity_q2.csv	coaster-smallest	382	246	0.643979	0.388	0.010	OK	
source__source__Fig_4__Fig_4_c__bipartite_state_fidelity_q2.csv	coaster-fastpass	382	246	0.643979	0.144	0.008	OK	
source__source__Fig_4__Fig_4_c__bipartite_state_fidelity_q3.csv	pccx	385			0.014	0.000		encode rc=101: encode; note: run with `RUST_BACKTRACE=1` environment variable to display a backtrace
source__source__Fig_4__Fig_4_c__bipartite_state_fidelity_q3.csv	tnssrc	385	299	0.776623	0.019	0.003	OK	
source__source__Fig_4__Fig_4_c__bipartite_state_fidelity_q3.csv	coaster-smallest	385	248	0.644156	0.373	0.004	OK	
source__source__Fig_4__Fig_4_c__bipartite_state_fidelity_q3.csv	coaster-fastpass	385	248	0.644156	0.128	0.004	OK	
source__source__Fig_4__Fig_4_d__ent_gate_fid_L2_para.csv	pccx	321			0.012	0.000		encode rc=101: encode; note: run with `RUST_BACKTRACE=1` environment variable to display a backtrace
source__source__Fig_4__Fig_4_d__ent_gate_fid_L2_para.csv	tnssrc	321	267	0.831776	0.018	0.003	OK	
source__source__Fig_4__Fig_4_d__ent_gate_fid_L2_para.csv	coaster-smallest	321	216	0.672897	0.374	0.004	OK	
source__source__Fig_4__Fig_4_d__ent_gate_fid_L2_para.csv	coaster-fastpass	321	216	0.672897	0.121	0.004	OK	
source__source__Fig_4__Fig_4_d__ent_gate_fid_L2_seq.csv	pccx	318			0.011	0.000		encode rc=101: encode; note: run with `RUST_BACKTRACE=1` environment variable to display a backtrace
source__source__Fig_4__Fig_4_d__ent_gate_fid_L2_seq.csv	tnssrc	318	269	0.845912	0.019	0.004	OK	
source__source__Fig_4__Fig_4_d__ent_gate_fid_L2_seq.csv	coaster-smallest	318	218	0.685535	0.379	0.004	OK	
source__source__Fig_4__Fig_4_d__ent_gate_fid_L2_seq.csv	coaster-fastpass	318	218	0.685535	0.124	0.004	OK	
source__source__Fig_4__Fig_4_e__ent_gate_fid_L3_para.csv	pccx	323			0.011	0.000		encode rc=101: encode; note: run with `RUST_BACKTRACE=1` environment variable to display a backtrace
source__source__Fig_4__Fig_4_e__ent_gate_fid_L3_para.csv	tnssrc	323	270	0.835913	0.019	0.003	OK	
source__source__Fig_4__Fig_4_e__ent_gate_fid_L3_para.csv	coaster-smallest	323	219	0.678019	0.383	0.004	OK	
source__source__Fig_4__Fig_4_e__ent_gate_fid_L3_para.csv	coaster-fastpass	323	219	0.678019	0.123	0.004	OK	
source__source__Fig_4__Fig_4_e__ent_gate_fid_L3_seq.csv	pccx	322			0.010	0.000		encode rc=101: encode; note: run with `RUST_BACKTRACE=1` environment variable to display a backtrace
source__source__Fig_4__Fig_4_e__ent_gate_fid_L3_seq.csv	tnssrc	322	260	0.807453	0.018	0.003	OK	
source__source__Fig_4__Fig_4_e__ent_gate_fid_L3_seq.csv	coaster-smallest	322	209	0.649068	0.376	0.004	OK	
source__source__Fig_4__Fig_4_e__ent_gate_fid_L3_seq.csv	coaster-fastpass	322	209	0.649068	0.131	0.004	OK	
source__source__Fig_4__Fig_4_f__bar_gate_fidelities.csv	pccx	608			0.014	0.000		encode rc=101: encode; note: run with `RUST_BACKTRACE=1` environment variable to display a backtrace
source__source__Fig_4__Fig_4_f__bar_gate_fidelities.csv	tnssrc	608	414	0.680921	0.025	0.004	OK	
source__source__Fig_4__Fig_4_f__bar_gate_fidelities.csv	coaster-smallest	608	363	0.597039	0.380	0.004	OK	
source__source__Fig_4__Fig_4_f__bar_gate_fidelities.csv	coaster-fastpass	608	363	0.597039	0.135	0.004	OK	
source__source__Fig_4__Fig_4_g__bar_gate_times.csv	pccx	253			0.010	0.000		encode rc=101: encode; note: run with `RUST_BACKTRACE=1` environment variable to display a backtrace
source__source__Fig_4__Fig_4_g__bar_gate_times.csv	tnssrc	253	217	0.857708	0.020	0.004	OK	
source__source__Fig_4__Fig_4_g__bar_gate_times.csv	coaster-smallest	253	166	0.656126	0.382	0.004	OK	
source__source__Fig_4__Fig_4_g__bar_gate_times.csv	coaster-fastpass	253	166	0.656126	0.122	0.004	OK	
source__source__Fig_5__readme.txt	pccx	243			0.011	0.000		encode rc=101: encode; note: run with `RUST_BACKTRACE=1` environment variable to display a backtrace
source__source__Fig_5__readme.txt	tnssrc	243	238	0.979424	0.018	0.004	OK	
source__source__Fig_5__readme.txt	coaster-smallest	243	187	0.769547	0.374	0.017	OK	
source__source__Fig_5__readme.txt	coaster-fastpass	243	187	0.769547	0.121	0.016	OK	
raw__raw__Fig_4__161xEnt_gate_fid_L3para_C2_tomo_060625.mat	pccx	264286	234492	0.887266	0.597	0.070	OK	
raw__raw__Fig_4__161xEnt_gate_fid_L3para_C2_tomo_060625.mat	tnssrc	264286	232037	0.877977	1.284	0.178	OK	
raw__raw__Fig_4__161xEnt_gate_fid_L3para_C2_tomo_060625.mat	coaster-smallest	264286	231984	0.877776	2.480	0.174	OK	
raw__raw__Fig_4__161xEnt_gate_fid_L3para_C2_tomo_060625.mat	coaster-fastpass	264286	231984	0.877776	1.399	0.177	OK	
raw__raw__Fig_4__163iEnt_gate_fid_L3seq_C2_tomo_070725.mat	pccx	264964	247475	0.933995	0.497	0.070	OK	
raw__raw__Fig_4__163iEnt_gate_fid_L3seq_C2_tomo_070725.mat	tnssrc	264964	245183	0.925345	2.131	0.186	OK	
raw__raw__Fig_4__163iEnt_gate_fid_L3seq_C2_tomo_070725.mat	coaster-smallest	264964	245130	0.925145	3.348	0.185	OK	
raw__raw__Fig_4__163iEnt_gate_fid_L3seq_C2_tomo_070725.mat	coaster-fastpass	264964	245130	0.925145	1.757	0.195	OK	
raw__raw__Fig_4__163gEnt_gate_fid_L3seq_C0_tomo_070725.mat	pccx	268321	250417	0.933274	0.552	0.088	OK	
raw__raw__Fig_4__163gEnt_gate_fid_L3seq_C0_tomo_070725.mat	tnssrc	268321	248295	0.925366	0.718	0.206	OK	
raw__raw__Fig_4__163gEnt_gate_fid_L3seq_C0_tomo_070725.mat	coaster-smallest	268321	248242	0.925168	1.955	0.178	OK	
raw__raw__Fig_4__163gEnt_gate_fid_L3seq_C0_tomo_070725.mat	coaster-fastpass	268321	248242	0.925168	1.173	0.162	OK	
raw__raw__Fig_4__161wEnt_gate_fid_L3para_C1_tomo_060625.mat	pccx	270281	239472	0.886011	0.569	0.094	OK	
raw__raw__Fig_4__161wEnt_gate_fid_L3para_C1_tomo_060625.mat	tnssrc	270281	237105	0.877254	0.651	0.157	OK	
raw__raw__Fig_4__161wEnt_gate_fid_L3para_C1_tomo_060625.mat	coaster-smallest	270281	237052	0.877058	1.799	0.177	OK	
raw__raw__Fig_4__161wEnt_gate_fid_L3para_C1_tomo_060625.mat	coaster-fastpass	270281	237052	0.877058	1.235	0.165	OK	
raw__raw__Fig_4__163hEnt_gate_fid_L3seq_C1_tomo_070725.mat	pccx	270516	251804	0.930828	0.569	0.053	OK	
raw__raw__Fig_4__163hEnt_gate_fid_L3seq_C1_tomo_070725.mat	tnssrc	270516	249586	0.922629	1.436	0.205	OK	
raw__raw__Fig_4__163hEnt_gate_fid_L3seq_C1_tomo_070725.mat	coaster-smallest	270516	249533	0.922433	2.451	0.200	OK	
raw__raw__Fig_4__163hEnt_gate_fid_L3seq_C1_tomo_070725.mat	coaster-fastpass	270516	249533	0.922433	1.247	0.209	OK	
raw__raw__Fig_4__161vEnt_gate_fid_L3para_C0_tomo_060625.mat	pccx	270672	240186	0.887369	0.535	0.076	OK	
raw__raw__Fig_4__161vEnt_gate_fid_L3para_C0_tomo_060625.mat	tnssrc	270672	237816	0.878613	1.818	0.180	OK	
raw__raw__Fig_4__161vEnt_gate_fid_L3para_C0_tomo_060625.mat	coaster-smallest	270672	237763	0.878417	2.883	0.150	OK	
raw__raw__Fig_4__161vEnt_gate_fid_L3para_C0_tomo_060625.mat	coaster-fastpass	270672	237763	0.878417	1.483	0.168	OK	
raw__raw__Fig_4__161uEnt_gate_fid_L3para_e_tomo_060625.mat	pccx	287189	250074	0.870765	0.626	0.075	OK	
raw__raw__Fig_4__161uEnt_gate_fid_L3para_e_tomo_060625.mat	tnssrc	287189	247735	0.862620	0.709	0.187	OK	
raw__raw__Fig_4__161uEnt_gate_fid_L3para_e_tomo_060625.mat	coaster-smallest	287189	247682	0.862436	2.036	0.184	OK	
raw__raw__Fig_4__161uEnt_gate_fid_L3para_e_tomo_060625.mat	coaster-fastpass	287189	247682	0.862436	1.256	0.165	OK	
raw__raw__Fig_4__163fEnt_gate_fid_L3seq_e_tomo_070725.mat	pccx	289113	269720	0.932922	0.639	0.061	OK	
raw__raw__Fig_4__163fEnt_gate_fid_L3seq_e_tomo_070725.mat	tnssrc	289113	267685	0.925884	0.733	0.199	OK	
raw__raw__Fig_4__163fEnt_gate_fid_L3seq_e_tomo_070725.mat	coaster-smallest	289113	267632	0.925700	1.859	0.198	OK	
raw__raw__Fig_4__163fEnt_gate_fid_L3seq_e_tomo_070725.mat	coaster-fastpass	289113	267632	0.925700	1.295	0.189	OK	
raw__raw__Fig_4__161rEnt_gate_fid_C0_nuc_tomo_060525.mat	pccx	1217292	1118999	0.919253	2.986	0.323	OK	
raw__raw__Fig_4__161rEnt_gate_fid_C0_nuc_tomo_060525.mat	tnssrc	1217292	1109823	0.911715	13.990	0.896	OK	
raw__raw__Fig_4__161rEnt_gate_fid_C0_nuc_tomo_060525.mat	coaster-smallest	1217292	1109770	0.911671	13.096	0.880	OK	
raw__raw__Fig_4__161rEnt_gate_fid_C0_nuc_tomo_060525.mat	coaster-fastpass	1217292	1109770	0.911671	4.415	0.812	OK	
raw__raw__Fig_4__161jEnt_gate_fid_C1_nuc_tomo_060425.mat	pccx	1341298	1209685	0.901876	3.529	0.390	OK	
raw__raw__Fig_4__161jEnt_gate_fid_C1_nuc_tomo_060425.mat	tnssrc	1341298	1187010	0.884971	15.581	0.920	OK	
raw__raw__Fig_4__161jEnt_gate_fid_C1_nuc_tomo_060425.mat	coaster-smallest	1341298	1186957	0.884932	13.327	0.808	OK	
raw__raw__Fig_4__161jEnt_gate_fid_C1_nuc_tomo_060425.mat	coaster-fastpass	1341298	1186957	0.884932	4.757	0.810	OK	
raw__raw__Fig_4__161qEnt_gate_fid_C0_e_tomo_060525.mat	pccx	1394968	1189708	0.852857	3.819	0.369	OK	
raw__raw__Fig_4__161qEnt_gate_fid_C0_e_tomo_060525.mat	tnssrc	1394968	1187720	0.851432	25.316	1.058	OK	
raw__raw__Fig_4__161qEnt_gate_fid_C0_e_tomo_060525.mat	coaster-smallest	1394968	1187755	0.851457	18.132	0.860	OK	
raw__raw__Fig_4__161qEnt_gate_fid_C0_e_tomo_060525.mat	coaster-fastpass	1394968	1187755	0.851457	9.934	0.849	OK	
raw__raw__Fig_4__161oEnt_gate_fid_C2_nuc_tomo_060525.mat	pccx	1502480	1260466	0.838924	4.324	0.374	OK	
raw__raw__Fig_4__161oEnt_gate_fid_C2_nuc_tomo_060525.mat	tnssrc	1502480	1232816	0.820521	39.838	1.177	OK	
raw__raw__Fig_4__161oEnt_gate_fid_C2_nuc_tomo_060525.mat	coaster-smallest	1502480	1232763	0.820485	32.145	0.861	OK	
raw__raw__Fig_4__161oEnt_gate_fid_C2_nuc_tomo_060525.mat	coaster-fastpass	1502480	1232763	0.820485	14.082	0.846	OK	
raw__raw__Fig_4__161iEnt_gate_fid_C1_e_tomo_060425.mat	pccx	1507627	1253714	0.831581	4.294	0.309	OK	
raw__raw__Fig_4__161iEnt_gate_fid_C1_e_tomo_060425.mat	tnssrc	1507627	1220492	0.809545	18.918	0.797	OK	
raw__raw__Fig_4__161iEnt_gate_fid_C1_e_tomo_060425.mat	coaster-smallest	1507627	1220439	0.809510	12.024	0.838	OK	
raw__raw__Fig_4__161iEnt_gate_fid_C1_e_tomo_060425.mat	coaster-fastpass	1507627	1220439	0.809510	8.786	0.938	OK	
raw__raw__Fig_4__161nEnt_gate_fid_C2_e_tomo_060525.mat	pccx	1541476	1270936	0.824493	5.558	0.617	OK	
raw__raw__Fig_4__161nEnt_gate_fid_C2_e_tomo_060525.mat	tnssrc	1541476	1232204	0.799366	30.789	0.775	OK	
raw__raw__Fig_4__161nEnt_gate_fid_C2_e_tomo_060525.mat	coaster-smallest	1541476	1232151	0.799332	20.945	1.043	OK	
raw__raw__Fig_4__161nEnt_gate_fid_C2_e_tomo_060525.mat	coaster-fastpass	1541476	1232151	0.799332	8.815	0.876	OK	
raw__raw__Fig_3__160wMQC_L3_seq_060325.mat	pccx	2032038	1849220	0.910032	6.057	0.662	OK	
raw__raw__Fig_3__160wMQC_L3_seq_060325.mat	tnssrc	2032038	1809658	0.890563	40.188	1.492	OK	
raw__raw__Fig_3__160wMQC_L3_seq_060325.mat	coaster-smallest	2032038	1809605	0.890537	31.325	1.369	OK	
raw__raw__Fig_3__160wMQC_L3_seq_060325.mat	coaster-fastpass	2032038	1809605	0.890537	15.367	1.317	OK	
raw__raw__Fig_3__160eMQC_L3_para_060225.mat	pccx	2094861	1891282	0.902820	5.712	0.530	OK	
raw__raw__Fig_3__160eMQC_L3_para_060225.mat	tnssrc	2094861	1837926	0.877350	26.855	1.402	OK	
raw__raw__Fig_3__160eMQC_L3_para_060225.mat	coaster-smallest	2094861	1837873	0.877325	16.519	1.239	OK	
raw__raw__Fig_3__160eMQC_L3_para_060225.mat	coaster-fastpass	2094861	1837873	0.877325	12.326	1.326	OK	
raw__raw__Fig_4__202jEnt_gate_fid_L2_para_C0_tomo_010326.mat	pccx	3189559	1460919	0.458032	7.010	0.540	OK	
raw__raw__Fig_4__202jEnt_gate_fid_L2_para_C0_tomo_010326.mat	tnssrc	3189559	1247487	0.391116	71.563	1.029	OK	
raw__raw__Fig_4__202jEnt_gate_fid_L2_para_C0_tomo_010326.mat	coaster-smallest	3189559	1102127	0.345542	45.551	0.854	OK	
raw__raw__Fig_4__202jEnt_gate_fid_L2_para_C0_tomo_010326.mat	coaster-fastpass	3189559	1102127	0.345542	35.726	0.981	OK	
raw__raw__Fig_4__202kEnt_gate_fid_L2_para_C2_tomo_010326.mat	pccx	3191467	1453956	0.455576	6.792	0.498	OK	
raw__raw__Fig_4__202kEnt_gate_fid_L2_para_C2_tomo_010326.mat	tnssrc	3191467	1207949	0.378493	75.006	0.811	OK	
raw__raw__Fig_4__202kEnt_gate_fid_L2_para_C2_tomo_010326.mat	coaster-smallest	3191467	1080212	0.338469	49.040	0.874	OK	
raw__raw__Fig_4__202kEnt_gate_fid_L2_para_C2_tomo_010326.mat	coaster-fastpass	3191467	1080212	0.338469	33.226	0.847	OK	
raw__raw__Fig_4__202eEnt_gate_fid_L2_para_C0_tomo_010326.mat	pccx	3191581	1477468	0.462927	7.091	0.529	OK	
raw__raw__Fig_4__202eEnt_gate_fid_L2_para_C0_tomo_010326.mat	tnssrc	3191581	1247935	0.391008	68.715	0.244	OK	
raw__raw__Fig_4__202eEnt_gate_fid_L2_para_C0_tomo_010326.mat	coaster-smallest	3191581	1095300	0.343184	44.806	0.812	OK	
raw__raw__Fig_4__202eEnt_gate_fid_L2_para_C0_tomo_010326.mat	coaster-fastpass	3191581	1095300	0.343184	32.449	0.875	OK	
raw__raw__Fig_4__202fEnt_gate_fid_L2_para_C1_tomo_010326.mat	pccx	3191809	1489519	0.466669	6.300	0.511	OK	
raw__raw__Fig_4__202fEnt_gate_fid_L2_para_C1_tomo_010326.mat	tnssrc	3191809	1270625	0.398089	73.989	0.276	OK	
raw__raw__Fig_4__202fEnt_gate_fid_L2_para_C1_tomo_010326.mat	coaster-smallest	3191809	1110609	0.347956	42.675	0.810	OK	
raw__raw__Fig_4__202fEnt_gate_fid_L2_para_C1_tomo_010326.mat	coaster-fastpass	3191809	1110609	0.347956	31.131	0.866	OK	
raw__raw__Fig_4__203dEnt_gate_fid_L2_seq_C0_tomo_010526.mat	pccx	3191899	1473828	0.461740	7.077	0.544	OK	
raw__raw__Fig_4__203dEnt_gate_fid_L2_seq_C0_tomo_010526.mat	tnssrc	3191899	1263164	0.395741	67.836	0.259	OK	
raw__raw__Fig_4__203dEnt_gate_fid_L2_seq_C0_tomo_010526.mat	coaster-smallest	3191899	1107953	0.347114	39.191	0.737	OK	
raw__raw__Fig_4__203dEnt_gate_fid_L2_seq_C0_tomo_010526.mat	coaster-fastpass	3191899	1107953	0.347114	30.245	0.865	OK	
raw__raw__Fig_4__203eEnt_gate_fid_L2_seq_C2_tomo_010526.mat	pccx	3192931	1457805	0.456573	6.812	0.587	OK	
raw__raw__Fig_4__203eEnt_gate_fid_L2_seq_C2_tomo_010526.mat	tnssrc	3192931	1250074	0.391513	69.187	0.239	OK	
raw__raw__Fig_4__203eEnt_gate_fid_L2_seq_C2_tomo_010526.mat	coaster-smallest	3192931	1097400	0.343697	44.500	1.020	OK	
raw__raw__Fig_4__203eEnt_gate_fid_L2_seq_C2_tomo_010526.mat	coaster-fastpass	3192931	1097400	0.343697	31.311	0.829	OK	
raw__raw__Fig_4__202uEnt_gate_fid_L2_para_C2_tomo_010526.mat	pccx	3194295	1468395	0.459693	7.155	0.514	OK	
raw__raw__Fig_4__202uEnt_gate_fid_L2_para_C2_tomo_010526.mat	tnssrc	3194295	1232501	0.385844	67.311	0.833	OK	
raw__raw__Fig_4__202uEnt_gate_fid_L2_para_C2_tomo_010526.mat	coaster-smallest	3194295	1092176	0.341915	41.566	0.833	OK	
raw__raw__Fig_4__202uEnt_gate_fid_L2_para_C2_tomo_010526.mat	coaster-fastpass	3194295	1092176	0.341915	30.536	0.810	OK	
raw__raw__Fig_4__202tEnt_gate_fid_L2_para_C1_tomo_010526.mat	pccx	3195132	1477164	0.462317	7.052	0.577	OK	
raw__raw__Fig_4__202tEnt_gate_fid_L2_para_C1_tomo_010526.mat	tnssrc	3195132	1242102	0.388748	94.699	0.824	OK	
raw__raw__Fig_4__202tEnt_gate_fid_L2_para_C1_tomo_010526.mat	coaster-smallest	3195132	1107294	0.346557	69.765	0.877	OK	
raw__raw__Fig_4__202tEnt_gate_fid_L2_para_C1_tomo_010526.mat	coaster-fastpass	3195132	1107294	0.346557	33.707	1.037	OK	
raw__raw__Fig_4__202iEnt_gate_fid_L2_para_e_tomo_010326.mat	pccx	3200027	1472385	0.460116	7.205	0.591	OK	
raw__raw__Fig_4__202iEnt_gate_fid_L2_para_e_tomo_010326.mat	tnssrc	3200027	1218619	0.380815	69.962	0.867	OK	
raw__raw__Fig_4__202iEnt_gate_fid_L2_para_e_tomo_010326.mat	coaster-smallest	3200027	1085226	0.339130	49.898	0.939	OK	
raw__raw__Fig_4__202iEnt_gate_fid_L2_para_e_tomo_010326.mat	coaster-fastpass	3200027	1085226	0.339130	35.219	0.802	OK	
raw__raw__Fig_4__202dEnt_gate_fid_L2_para_e_tomo_010326.mat	pccx	3203787	1515970	0.473181	6.859	0.538	OK	
raw__raw__Fig_4__202dEnt_gate_fid_L2_para_e_tomo_010326.mat	tnssrc	3203787	1309907	0.408862	68.938	0.265	OK	
raw__raw__Fig_4__202dEnt_gate_fid_L2_para_e_tomo_010326.mat	coaster-smallest	3203787	1170529	0.365358	61.531	1.751	OK	
raw__raw__Fig_4__202dEnt_gate_fid_L2_para_e_tomo_010326.mat	coaster-fastpass	3203787	1170529	0.365358	41.348	2.466	OK	
raw__raw__Fig_4__203cEnt_gate_fid_L2_seq_e_tomo_010526.mat	pccx	3204974	1467763	0.457964	11.842	0.994	OK	
raw__raw__Fig_4__203cEnt_gate_fid_L2_seq_e_tomo_010526.mat	tnssrc	3204974	1251983	0.390637	164.948	0.514	OK	
raw__raw__Fig_4__203cEnt_gate_fid_L2_seq_e_tomo_010526.mat	coaster-smallest	3204974	1102412	0.343969	105.024	1.750	OK	
raw__raw__Fig_4__203cEnt_gate_fid_L2_seq_e_tomo_010526.mat	coaster-fastpass	3204974	1102412	0.343969	46.222	1.888	OK	
raw__raw__Fig_4__202sEnt_gate_fid_L2_para_e_tomo_010526.mat	pccx	3208403	1468165	0.457600	13.752	1.105	OK	
raw__raw__Fig_4__202sEnt_gate_fid_L2_para_e_tomo_010526.mat	tnssrc	3208403	1225803	0.382060	123.664	1.645	OK	
raw__raw__Fig_4__202sEnt_gate_fid_L2_para_e_tomo_010526.mat	coaster-smallest	3208403	1087843	0.339061	66.065	1.545	OK	
raw__raw__Fig_4__202sEnt_gate_fid_L2_para_e_tomo_010526.mat	coaster-fastpass	3208403	1087843	0.339061	46.962	2.031	OK	
raw__raw__Fig_4__201vEnt_gate_fid_L2_seq_C2_tomo_121925.mat	pccx	3226343	1486343	0.460690	9.784	1.223	OK	
raw__raw__Fig_4__201vEnt_gate_fid_L2_seq_C2_tomo_121925.mat	tnssrc	3226343	1268073	0.393037	121.653	0.521	OK	
raw__raw__Fig_4__201vEnt_gate_fid_L2_seq_C2_tomo_121925.mat	coaster-smallest	3226343	1117422	0.346343	64.950	1.951	OK	
raw__raw__Fig_4__201vEnt_gate_fid_L2_seq_C2_tomo_121925.mat	coaster-fastpass	3226343	1117422	0.346343	46.951	2.239	OK	
raw__raw__Fig_4__201uEnt_gate_fid_L2_seq_C1_tomo_121925.mat	pccx	3226682	1489839	0.461725	10.978	1.241	OK	
raw__raw__Fig_4__201uEnt_gate_fid_L2_seq_C1_tomo_121925.mat	tnssrc	3226682	1274612	0.395023	149.231	0.251	OK	
raw__raw__Fig_4__201uEnt_gate_fid_L2_seq_C1_tomo_121925.mat	coaster-smallest	3226682	1128011	0.349589	111.406	2.178	OK	
raw__raw__Fig_4__201uEnt_gate_fid_L2_seq_C1_tomo_121925.mat	coaster-fastpass	3226682	1128011	0.349589	44.295	2.194	OK	
raw__raw__Fig_4__201mEnt_gate_fid_L2_seq_C1_tomo_121925.mat	pccx	3237375	1508696	0.466024	12.345	1.104	OK	
raw__raw__Fig_4__201mEnt_gate_fid_L2_seq_C1_tomo_121925.mat	tnssrc	3237375	1306809	0.403663	136.481	0.504	OK	
raw__raw__Fig_4__201mEnt_gate_fid_L2_seq_C1_tomo_121925.mat	coaster-smallest	3237375	1146344	0.354097	74.363	1.232	OK	
raw__raw__Fig_4__201mEnt_gate_fid_L2_seq_C1_tomo_121925.mat	coaster-fastpass	3237375	1146344	0.354097	43.994	2.216	OK	
raw__raw__Fig_4__201tEnt_gate_fid_L2_seq_e_tomo_121925.mat	pccx	3244635	1491820	0.459781	14.117	1.165	OK	
raw__raw__Fig_4__201tEnt_gate_fid_L2_seq_e_tomo_121925.mat	tnssrc	3244635	1289055	0.397288	133.365	0.511	OK	
raw__raw__Fig_4__201tEnt_gate_fid_L2_seq_e_tomo_121925.mat	coaster-smallest	3244635	1141458	0.351799	66.115	2.060	OK	
raw__raw__Fig_4__201tEnt_gate_fid_L2_seq_e_tomo_121925.mat	coaster-fastpass	3244635	1141458	0.351799	49.207	2.130	OK	
raw__raw__Fig_4__201lEnt_gate_fid_L2_seq_C0_tomo_121925.mat	pccx	3248758	1514634	0.466219	10.493	1.098	OK	
raw__raw__Fig_4__201lEnt_gate_fid_L2_seq_C0_tomo_121925.mat	tnssrc	3248758	1306370	0.402114	163.127	0.280	OK	
raw__raw__Fig_4__201lEnt_gate_fid_L2_seq_C0_tomo_121925.mat	coaster-smallest	3248758	1158473	0.356590	105.518	2.077	OK	
raw__raw__Fig_4__201lEnt_gate_fid_L2_seq_C0_tomo_121925.mat	coaster-fastpass	3248758	1158473	0.356590	48.726	0.909	OK	
raw__raw__Fig_4__201kEnt_gate_fid_L2_seq_e_tomo_121925.mat	pccx	3270532	1543726	0.472011	12.794	1.236	OK	
raw__raw__Fig_4__201kEnt_gate_fid_L2_seq_e_tomo_121925.mat	tnssrc	3270532	1318005	0.402994	160.512	0.531	OK	
raw__raw__Fig_4__201kEnt_gate_fid_L2_seq_e_tomo_121925.mat	coaster-smallest	3270532	1175291	0.359358	111.527	2.117	OK	
raw__raw__Fig_4__201kEnt_gate_fid_L2_seq_e_tomo_121925.mat	coaster-fastpass	3270532	1175291	0.359358	47.739	1.727	OK	
raw__raw__Fig_3__160uMQC_L2_seq_060325.mat	pccx	3731889	3361343	0.900708	17.292	1.314	OK	
raw__raw__Fig_3__160uMQC_L2_seq_060325.mat	tnssrc	3731889	3292258	0.882196	138.283	2.811	OK	
raw__raw__Fig_3__160uMQC_L2_seq_060325.mat	coaster-smallest	3731889	3221416	0.863213	67.823	4.531	OK	
raw__raw__Fig_3__160uMQC_L2_seq_060325.mat	coaster-fastpass	3731889	3221416	0.863213	61.760	4.380	OK	
codeproc__data_processing__example_data_125iMQC_L1_C0_111824.mat	pccx	4361720	1989306	0.456083	15.440	1.457	OK	
codeproc__data_processing__example_data_125iMQC_L1_C0_111824.mat	tnssrc	4361720	1550342	0.355443	169.629	0.679	OK	
codeproc__data_processing__example_data_125iMQC_L1_C0_111824.mat	coaster-smallest	4361720	1550288	0.355430	165.059	0.706	OK	
codeproc__data_processing__example_data_125iMQC_L1_C0_111824.mat	coaster-fastpass	4361720	1550288	0.355430	47.502	0.643	OK	
raw__raw__Fig_2__125iMQC_L1_C0_111824.mat	pccx	4361720	1989306	0.456083	16.461	1.433	OK	
raw__raw__Fig_2__125iMQC_L1_C0_111824.mat	tnssrc	4361720	1550342	0.355443	163.066	0.617	OK	
raw__raw__Fig_2__125iMQC_L1_C0_111824.mat	coaster-smallest	4361720	1550288	0.355430	84.305	0.342	OK	
raw__raw__Fig_2__125iMQC_L1_C0_111824.mat	coaster-fastpass	4361720	1550288	0.355430	29.849	0.342	OK	
raw__raw__Fig_2__125kMQC_L1_C1_111824.mat	pccx	4365991	2022290	0.463192	9.742	0.649	OK	
raw__raw__Fig_2__125kMQC_L1_C1_111824.mat	tnssrc	4365991	1576266	0.361033	52.879	0.319	OK	
raw__raw__Fig_2__125kMQC_L1_C1_111824.mat	coaster-smallest	4365991	1576212	0.361020	42.818	0.301	OK	
raw__raw__Fig_2__125kMQC_L1_C1_111824.mat	coaster-fastpass	4365991	1576212	0.361020	25.493	0.296	OK	
raw__raw__Fig_2__125gMQC_L1_C2_111824.mat	pccx	4370755	2006455	0.459064	11.067	0.809	OK	
raw__raw__Fig_2__125gMQC_L1_C2_111824.mat	tnssrc	4370755	1554180	0.355586	54.920	0.317	OK	
raw__raw__Fig_2__125gMQC_L1_C2_111824.mat	coaster-smallest	4370755	1554126	0.355574	48.324	0.299	OK	
raw__raw__Fig_2__125gMQC_L1_C2_111824.mat	coaster-fastpass	4370755	1554126	0.355574	26.690	0.311	OK	
raw__raw__Fig_1__114nXY8_time_sweep_12_110424.mat	pccx	15293950	10867987	0.710607	35.312	4.110	OK	
raw__raw__Fig_1__114nXY8_time_sweep_12_110424.mat	tnssrc	15293950	10129750	0.662337	662.485	2.024	OK	
raw__raw__Fig_1__114nXY8_time_sweep_12_110424.mat	coaster-smallest	15293950	10129695	0.662333	581.441	1.939	OK	
raw__raw__Fig_1__114nXY8_time_sweep_12_110424.mat	coaster-fastpass	15293950	10129695	0.662333	333.390	2.192	OK	
raw__raw__Fig_1__114xXY8_time_sweep_12_110424.mat	pccx	20590698	16305800	0.791901	52.469	6.405	OK	
raw__raw__Fig_1__114xXY8_time_sweep_12_110424.mat	tnssrc	20590698	15055257	0.731168	1152.703	2.935	OK	
raw__raw__Fig_1__114xXY8_time_sweep_12_110424.mat	coaster-smallest	20590698	15055202	0.731165	1054.257	3.225	OK	
raw__raw__Fig_1__114xXY8_time_sweep_12_110424.mat	coaster-fastpass	20590698	15055202	0.731165	566.521	3.360	OK	
raw__raw__Fig_1__115sXY8_time_sweep_12_110424.mat	pccx	21954296	17006885	0.774650	54.923	6.051	OK	
raw__raw__Fig_1__115sXY8_time_sweep_12_110424.mat	coaster-smallest	21954296	15914900	0.724911	740.796	2.318	OK	
raw__raw__Fig_1__115sXY8_time_sweep_12_110424.mat	coaster-fastpass	21954296	15914900	0.724911	389.181	2.405	OK	
raw__raw__Fig_1__127nXY8_time_sweep_6_120224.mat	pccx	42481550	31803538	0.748644	71.818	7.806	OK	
raw__raw__Fig_1__127nXY8_time_sweep_6_120224.mat	coaster-fastpass	42481550	20541210	0.483532	880.514	4.511	OK	
raw__raw__Fig_3__200kMQC_L2_para_121125.mat	pccx	77148665	37930758	0.491658	165.400	18.847	OK	
raw__raw__Fig_1__127nXY8_time_sweep_6_120224.mat	tnssrc	42481550	20541265	0.483534	2104.869	3.123	OK	
raw__raw__Fig_1__127nXY8_time_sweep_6_120224.mat	coaster-smallest	42481550	20541210	0.483532	1740.818	3.122	OK	
raw__raw__Fig_3__200kMQC_L2_para_121125.mat	tnssrc	77148665	28774843	0.372979	3331.732	4.312	OK	
raw__raw__Fig_3__200kMQC_L2_para_121125.mat	coaster-smallest	77148665	28774788	0.372978	2116.597	4.334	OK	
raw__raw__Fig_3__200kMQC_L2_para_121125.mat	coaster-fastpass	77148665	28774788	0.372978	1385.170	4.444	OK	
raw__raw__Fig_1__115sXY8_time_sweep_12_110424.mat	tnssrc	21954296	15914955	0.724913	903.724	2.372	OK	
